feature	c__Chloroplast Class	d__Bacteria Kingdom	f__Borkfalkiaceae Family	f__Christensenellaceae Family	f__Clostridiaceae_222000 Family	f__Coprobacillaceae Family	f__Eggerthellaceae Family	f__Lachnospiraceae Family	f__Muribaculaceae Family	f__Oscillospiraceae_88309 Family	f__Peptostreptococcaceae_256921 Family	g__1XD8-76	g__Acetatifactor	g__Acidovorax_F_589733	g__Acutalibacter	g__Adlercreutzia_A_404199	g__Adlercreutzia_A_404257	g__Adlercreutzia_A_404260	g__Akkermansia	g__Alistipes_A_871400	g__Anaerotruncus	g__Avispirillum	g__Bacteroides_H_857956	g__Bifidobacterium_388775	g__Borkfalkia	g__Brotaphodocola	g__Butyribacter	g__C-19	g__CAG-269	g__CAG-314	g__CAG-873	g__COE1	g__Choladousia	g__Clostridium_AQ	g__Clostridium_J	g__Clostridium_T	g__Comamonas_F_589250	g__Dorea_D_143701	g__Dubosiella	g__Duncaniella	g__Dysosmobacter	g__Emergencia	g__Enterenecus	g__Enterocloster	g__Enterococcus_B	g__Enterococcus_H_360604	g__Enterorhabdus	g__Eubacterium_F	g__Eubacterium_G_180878	g__Eubacterium_R	g__Faecalibaculum	g__Granulimonas	g__Hominilimicola	g__Hominisplanchenecus_A	g__Ileibacterium	g__Kineothrix	g__Lachnoclostridium_B	g__Lacrimispora	g__Lactobacillus	g__Laedolimicola	g__Lawsonibacter	g__Lepagella	g__Lientehia	g__Ligilactobacillus	g__Limosilactobacillus	g__MD308	g__Merdibacter	g__Mesorhizobium_I	g__NK4A144	g__Novosphingobium	g__Paraclostridium	g__Parasutterella_564865	g__Parvibacter	g__Pelethenecus	g__Petralouisia	g__Porcincola	g__Pseudomonas_E_647464	g__Romboutsia_B	g__Romboutsia_D_247318	g__Ruminococcus_B	g__Schaedlerella	g__Sporofaciens	g__Staphylococcus	g__Stenotrophomonas_A_615274	g__Streptococcus	g__Suilimivivens	g__Thomasclavelia	g__Turicibacter	g__UBA2730	g__UBA3282	g__UBA7173	g__UBA9414	g__UBA946	g__Ventrisoma	g__WRAF01	o__Christensenellales Order	o__Lachnospirales Order
Villapol_11_DPI_527	NA	NA	NA	NA	NA	NA	NA	-11.8024355848619	NA	NA	NA	NA	NA	NA	NA	NA	NA	NA	-3.4706229010427	NA	NA	NA	-0.489666053457549	NA	NA	NA	NA	NA	NA	NA	NA	NA	NA	NA	-6.10755539206271	-3.68557182717101	NA	NA	NA	NA	NA	NA	NA	-10.664932061112	-9.31700875769166	-4.36780735722518	NA	NA	NA	NA	NA	NA	NA	NA	NA	NA	NA	-9.48050748997454	NA	NA	NA	NA	NA	NA	NA	NA	NA	NA	NA	NA	-4.96197235099236	NA	NA	NA	NA	NA	NA	-7.83896146088702	NA	NA	NA	NA	NA	NA	NA	NA	NA	-7.22954591644133	NA	NA	NA	NA	NA	NA	NA	NA	NA
Villapol_11_DPI_528	NA	NA	-7.80871440863004	-11.1396312867447	NA	NA	NA	-7.10071229745235	NA	-7.41853209803747	NA	NA	NA	NA	NA	NA	NA	NA	-2.62171589382878	NA	NA	NA	-0.53461483883329	NA	NA	NA	NA	NA	NA	NA	NA	-6.45313075956144	NA	-7.43227215466377	NA	NA	NA	NA	NA	NA	NA	NA	-8.43919156860356	-8.61606933068764	NA	NA	-10.7473138639659	NA	NA	NA	-3.64477570225346	NA	NA	NA	NA	-9.61606933068764	NA	-11.5546687860235	NA	NA	-9.9301779211157	NA	NA	NA	NA	-6.83585053856755	NA	NA	NA	NA	NA	NA	NA	NA	-8.08434885124346	NA	NA	NA	NA	NA	NA	-8.5546687860235	NA	NA	NA	NA	NA	-8.61606933068764	NA	NA	NA	NA	NA	NA	NA	-7.79978128386003	NA
Villapol_11_DPI_529	NA	NA	NA	NA	NA	NA	NA	-10.539697351202	NA	NA	NA	NA	NA	NA	NA	NA	-8.46169483920069	-4.78184439056194	-2.52971326262934	NA	NA	NA	-7.2177692563146	-6.52971326262934	NA	NA	NA	NA	NA	NA	NA	-8.31730492986552	NA	-9.18606039658727	NA	NA	-8.66522823328583	NA	-1.60699046378931	NA	NA	NA	NA	NA	NA	-10.539697351202	-4.24405594783488	NA	NA	NA	-1.44547301292095	NA	NA	NA	NA	NA	NA	NA	NA	NA	-8.90226743058667	NA	NA	NA	NA	-9.00918263450319	NA	NA	NA	-12.1246598519231	NA	NA	NA	NA	NA	NA	NA	-6.88944339022909	NA	NA	NA	NA	NA	NA	NA	NA	NA	NA	NA	NA	NA	-10.9022674305867	NA	NA	NA	NA	NA
Villapol_11_DPI_530	NA	-8.34809580925453	NA	NA	NA	NA	NA	NA	NA	NA	NA	NA	NA	NA	-11.1554507313121	NA	NA	NA	-6.88243223690572	NA	NA	NA	-5.92023426961811	NA	NA	NA	NA	-11.7404132320333	NA	NA	-9.0399735138922	NA	NA	NA	-9.74041323203329	-7.57048823059098	-7.61113021508833	NA	-7.49248571858971	NA	NA	-9.0399735138922	NA	NA	-9.93305830997569	-1.78041129996521	-10.7404132320333	NA	NA	NA	-8.15545073131214	NA	NA	NA	NA	NA	NA	-10.1554507313121	-2.53461998263614	NA	NA	NA	NA	NA	-1.08846462130985	NA	NA	NA	NA	NA	-8.15545073131214	-10.7404132320333	NA	NA	NA	NA	-9.74041323203329	NA	NA	NA	-9.74041323203329	NA	NA	-10.4184851371459	NA	NA	-9.93305830997569	-8.83352263642477	NA	NA	NA	NA	NA	NA	NA	NA	NA
Villapol_11_DPI_531	NA	NA	-9.28782229498441	-12.6801397177632	NA	NA	NA	-5.76725038153321	-3.53293479282094	-10.095177217042	NA	-11.6801397177632	-7.65777190473472	NA	-6.38551896887154	-10.2207080991259	-7.95221926319997	-8.35821162287581	-4.34474936306925	-3.1274706202489	-12.6801397177632	NA	-1.49712471688041	NA	-7.77324912215465	NA	NA	NA	NA	-7.43221220431959	-2.69429778075983	-4.7642603389274	NA	NA	NA	NA	NA	NA	NA	-4.03989478154083	-7.1882866214335	-11.095177217042	-7.74940238020028	NA	NA	NA	-10.8727847957056	NA	-7.35821162287581	NA	NA	NA	NA	NA	NA	-8.1882866214335	-9.15657776170616	NA	-6.46097119730101	NA	-8.97969999962208	-7.27074878162547	NA	NA	NA	-7.68013971776317	NA	NA	-8.8221587226356	NA	NA	NA	NA	NA	-6.71435543310108	-7.47068635213422	NA	NA	NA	NA	NA	-8.5508567008182	NA	NA	NA	-9.09517721704201	NA	NA	NA	-6.32258771314509	NA	-10.095177217042	NA	NA	-9.87278479570557	NA	NA
Villapol_11_DPI_532	NA	NA	NA	NA	NA	NA	NA	NA	-6.82244132387858	NA	-8.58088664545524	NA	NA	NA	NA	-6.69987468167233	-9.44338312170531	NA	-11.4877772410638	NA	NA	NA	NA	NA	NA	NA	NA	NA	NA	NA	-4.49909255429159	NA	NA	NA	NA	NA	-10.6804223190062	NA	-6.14348133314794	-5.24937250173868	NA	NA	NA	NA	NA	NA	-10.1658491461764	NA	NA	NA	-1.45005871131011	NA	NA	NA	NA	NA	NA	NA	-3.0536703124538	NA	NA	NA	NA	NA	NA	NA	NA	NA	NA	-12.1658491461764	NA	-5.45987124449387	NA	NA	NA	NA	NA	-4.4751527021987	NA	NA	NA	NA	NA	NA	NA	NA	NA	-1.57059166472736	NA	NA	NA	NA	NA	NA	NA	NA	NA
Villapol_11_DPI_533	NA	NA	NA	NA	NA	NA	NA	-6.12081315871797	-6.24570440654578	NA	NA	NA	NA	NA	-6.78906600280016	-10.0998535400823	-10.2153307575023	NA	-2.24858499660273	NA	NA	NA	-1.1862736437877	NA	NA	NA	NA	NA	NA	NA	-3.97215677402931	-4.03708089140902	NA	NA	NA	NA	NA	NA	NA	-4.21345347026159	NA	NA	NA	NA	NA	NA	NA	NA	NA	-8.12786791625192	-4.96108947012647	NA	NA	NA	NA	-12.2153307575023	NA	NA	NA	-9.15643706844869	NA	NA	NA	NA	NA	NA	NA	NA	NA	NA	NA	-4.7586341065862	NA	NA	-9.40797583544466	-7.73420406776565	NA	NA	NA	NA	NA	-6.70226117526289	NA	NA	NA	-7.47836516333606	-10.6303682567811	-4.96108947012647	NA	-7.8934026626149	NA	NA	NA	NA	NA	NA	NA
Villapol_11_DPI_534	NA	NA	NA	NA	NA	NA	NA	-9.35508807688654	NA	NA	NA	NA	NA	NA	NA	-11.961745648707	NA	NA	-7.60099830492912	NA	NA	NA	-5.96790663333369	NA	NA	NA	NA	NA	NA	NA	-6.75229228307806	-7.94544383637791	NA	NA	NA	NA	-11.1732497539007	-12.251252265902	-11.4211772673443	-8.91338262714561	-11.0288598445655	NA	NA	NA	NA	NA	NA	-12.6138223452867	NA	-14.4211772673443	-6.98654903970758	NA	NA	NA	NA	-11.5142866717358	NA	NA	-0.174659324155395	NA	-11.4211772673443	NA	NA	NA	NA	NA	NA	NA	-13.8362147666232	-13.8362147666232	NA	-10.2918942503993	NA	NA	-11.7207375492032	NA	NA	-11.6138223452867	NA	NA	NA	-10.6662897651808	NA	NA	NA	NA	NA	-4.02885984456555	NA	-8.96174564870701	NA	NA	NA	NA	NA	NA	NA
Villapol_11_DPI_535	NA	NA	NA	NA	NA	NA	NA	NA	-6.55055609588593	NA	-9.48076776572907	NA	NA	NA	NA	-10.58030343928	-8.49688743109235	-11.2721811439177	NA	-11.8026958606164	NA	NA	NA	-7.90653167160097	NA	NA	NA	NA	NA	NA	-5.89047182070487	NA	NA	NA	NA	-7.87458877909822	-11.9726208620587	NA	-4.96840039574055	-6.0778030987508	NA	NA	NA	NA	NA	NA	-10.7246933486152	NA	NA	NA	NA	NA	NA	NA	NA	NA	NA	NA	-0.919034318419571	NA	NA	-8.44905890600173	NA	NA	NA	NA	NA	NA	NA	-12.9726208620587	NA	-10.1652659400011	NA	NA	NA	NA	-11.3876583613376	-5.0552487825819	-13.3876583613376	NA	NA	NA	NA	NA	NA	NA	NA	-1.52411734258991	NA	NA	NA	NA	NA	NA	NA	NA	NA
Villapol_11_DPI_536	NA	NA	NA	NA	NA	NA	NA	NA	-7.42844297981411	NA	-9.11468881637245	NA	NA	NA	NA	-9.89604852989711	-8.55619852701249	-12.0886936078395	NA	NA	NA	NA	NA	-10.2521923401224	NA	NA	NA	NA	NA	NA	-6.92450497594634	NA	NA	NA	NA	NA	-12.0886936078395	NA	-6.34145967821947	-6.16133890967127	NA	NA	NA	NA	NA	NA	NA	NA	NA	NA	NA	NA	NA	NA	NA	NA	NA	NA	-0.605741633639209	NA	NA	-10.1411610277336	NA	NA	NA	NA	NA	NA	NA	NA	NA	NA	NA	NA	NA	NA	NA	-4.84756165590477	NA	NA	NA	NA	NA	NA	NA	NA	NA	-1.94276146201899	NA	NA	NA	NA	NA	NA	NA	NA	NA
Villapol_11_DPI_537	NA	-13.4318240280079	NA	NA	NA	NA	NA	NA	-6.18389651456428	NA	-6.86958160378679	NA	NA	-14.4318240280079	NA	-10.8468615272867	-8.07427202338978	NA	-6.01819609898369	NA	NA	NA	-11.2618990265656	-8.67693652584439	NA	NA	NA	NA	NA	NA	-6.49518608900529	NA	NA	NA	NA	NA	-11.1098959331205	NA	-5.33906688708801	NA	NA	NA	NA	NA	NA	NA	-12.4318240280079	NA	NA	NA	-0.920812675125624	-8.93997093167819	NA	NA	NA	NA	NA	NA	-12.4318240280079	NA	NA	NA	NA	NA	NA	NA	NA	NA	NA	NA	NA	-6.36036166545124	-9.3025410110629	NA	NA	NA	NA	-2.73311936123752	NA	NA	NA	-11.6244691059503	NA	NA	NA	NA	NA	-2.16036100010349	NA	NA	NA	NA	NA	NA	NA	NA	NA
Villapol_11_DPI_538	NA	NA	NA	NA	NA	NA	NA	-14.1786648510065	-3.20353339408513	-7.28384708769853	-8.47822513286538	NA	-11.0087398495642	NA	-9.85673675611911	NA	-8.65510289494946	NA	-6.71105930092347	NA	NA	NA	-2.36128142310924	NA	-9.85673675611911	-10.271774255398	-8.50623950903498	NA	NA	NA	-3.45159529298277	NA	NA	NA	NA	NA	NA	NA	-7.05972377828296	NA	NA	-9.423777348843	-9.27177425539795	NA	NA	NA	NA	-5.56027934874787	-10.7192332323692	NA	-1.05163780800187	NA	NA	NA	NA	NA	NA	NA	NA	-8.50623950903498	NA	NA	NA	NA	NA	NA	NA	NA	NA	NA	NA	-7.01879351422808	-11.1786648510065	NA	-8.13427073164802	NA	NA	-6.39730513748181	NA	NA	-11.1786648510065	-8.02891773150179	NA	NA	NA	NA	NA	-5.19852527336731	NA	-8.13427073164802	NA	NA	NA	NA	NA	NA	-13.1786648510065
Villapol_11_DPI_539	NA	NA	NA	NA	NA	NA	NA	-11.6544868587981	-5.22264107183273	NA	-7.30871202195639	NA	-11.9175212646319	NA	NA	NA	-6.92656640423492	NA	-5.2310207374487	NA	NA	NA	NA	-11.4320944374617	NA	NA	-11.6544868587981	NA	NA	NA	-5.73165471932058	NA	NA	NA	NA	NA	-13.2394493595193	NA	-6.61739754006291	NA	NA	NA	NA	NA	NA	NA	NA	NA	NA	NA	-0.608158602822936	-8.30871202195639	NA	NA	NA	NA	NA	NA	NA	NA	NA	NA	NA	NA	NA	NA	NA	NA	NA	NA	NA	-5.19779020788207	-9.53900964137819	NA	-12.2394493595193	NA	NA	-3.26288523610395	-8.95404714065703	NA	-10.069524358077	-10.3325587639108	NA	NA	NA	NA	NA	-3.24015397249587	NA	NA	NA	NA	NA	NA	NA	NA	NA
Villapol_11_DPI_540	NA	NA	NA	NA	NA	NA	NA	NA	-6.57626157412248	NA	-9.51877607946172	NA	NA	NA	NA	-9.23337386059947	-8.76388857729825	-8.58803874189884	-10.8183363613206	NA	NA	NA	NA	-11.7114211574041	NA	NA	NA	NA	NA	NA	-7.17004792523064	NA	NA	NA	NA	-9.81833636132063	NA	NA	-1.56676291457224	-4.43662703810785	NA	NA	NA	NA	NA	NA	NA	NA	NA	NA	-5.7341412339042	NA	NA	NA	NA	NA	NA	NA	-1.28980711605899	NA	NA	-8.32895152058171	NA	NA	NA	NA	NA	NA	NA	NA	NA	-7.88941945938211	NA	NA	NA	NA	NA	-5.41811374045652	-12.1968479845744	NA	-12.1968479845744	-10.6118854838532	NA	NA	NA	NA	NA	-2.95034488629426	NA	NA	NA	NA	NA	NA	NA	NA	NA
Villapol_11_DPI_541	NA	NA	NA	NA	NA	NA	NA	-10.0505289055306	-4.62636261671245	NA	-8.07324898203064	NA	NA	NA	NA	-11.7286008106432	-7.94200444875239	NA	-9.19254791040298	NA	NA	NA	-11.4655664048094	NA	NA	NA	NA	NA	NA	NA	-5.15874520231224	NA	NA	NA	NA	-8.69297690091247	NA	NA	-2.31878561482271	-6.09052697346247	NA	NA	NA	NA	NA	NA	-9.80260139208697	NA	NA	NA	-5.12868796845606	NA	NA	NA	NA	NA	NA	NA	-1.62426415082846	NA	NA	-8.29564140336709	NA	NA	NA	NA	NA	NA	NA	NA	NA	-8.69297690091247	NA	NA	NA	NA	NA	-4.00204203153822	-10.8806039040882	NA	-10.4655664048094	-10.7286008106432	NA	NA	NA	NA	NA	-1.84168491479594	NA	NA	NA	NA	NA	NA	NA	NA	NA
Villapol_11_DPI_542	NA	NA	NA	NA	NA	NA	NA	NA	-5.64175619662244	NA	-7.7506905681756	NA	NA	NA	NA	-8.25319090870479	-8.33565306889676	-8.54047286078526	NA	NA	NA	NA	NA	-10.5162253145386	NA	NA	NA	NA	NA	NA	-5.95144069575506	NA	NA	NA	NA	NA	-12.4231159101471	NA	-5.89955395409009	-4.56980635474343	NA	NA	NA	NA	NA	NA	-11.1011878152597	NA	-12.8381534094259	NA	-0.7160803853144	-9.4231159101471	NA	NA	NA	NA	NA	NA	NA	NA	NA	-11.2531909087048	NA	NA	NA	-12.8381534094259	NA	NA	NA	NA	NA	-6.51022657391714	-9.25319090870479	NA	NA	NA	NA	-3.58469983434976	NA	NA	NA	NA	NA	NA	-11.2531909087048	NA	NA	-2.45265046936711	NA	NA	NA	NA	NA	NA	NA	NA	NA
Villapol_11_DPI_543	NA	NA	NA	NA	NA	NA	NA	NA	-5.54976438222005	NA	NA	NA	NA	NA	NA	-6.63680495066161	-7.42987564671297	-7.48050171978294	-5.2571895055936	NA	NA	NA	-12.2878566418405	-7.82842502320325	NA	NA	NA	NA	NA	NA	-6.03046879914789	NA	NA	NA	NA	NA	NA	NA	-11.4805017197829	-4.14447342785072	NA	NA	NA	NA	NA	NA	-10.1179316403982	-10.7028941411194	NA	NA	-0.285129512380201	-8.0024544229783	NA	NA	NA	NA	NA	NA	NA	NA	NA	-12.7028941411194	NA	NA	NA	NA	NA	NA	NA	NA	NA	-5.50322179628302	-9.48050171978294	NA	NA	NA	NA	-8.38096604623203	NA	NA	NA	NA	NA	NA	-11.2878566418405	NA	NA	-9.70289414111939	NA	NA	NA	NA	NA	NA	NA	NA	NA
Villapol_11_DPI_544	NA	NA	NA	-11.9373738201921	NA	NA	NA	-6.00663648262926	-6.15601410666749	-7.96774746923567	-9.06290470227601	NA	-5.20945336562895	NA	-9.61544572530479	-10.7149813988557	-8.35241131947099	-10.5223363209133	-6.59159898335042	-5.95248071258236	NA	NA	-4.04457805446942	-9.7149813988557	NA	NA	NA	NA	-11.9373738201921	-8.87848013113858	-4.28393158158823	-11.5223363209133	NA	NA	NA	-6.23693410205106	NA	NA	-1.17360816668223	-5.26967088846306	-12.5223363209133	-11.5223363209133	-8.82189660277221	NA	NA	NA	-10.7149813988557	-8.23693410205106	-8.66435532578573	NA	-6.48891331937585	-10.2004082260259	-11.2004082260259	-10.352411319471	NA	-9.7149813988557	NA	NA	-3.69737758038478	-10.062904702276	-10.9373738201921	-7.41381186413514	NA	NA	NA	NA	NA	NA	-9.93737382019215	NA	NA	-8.31288295528435	NA	-8.43487347966296	-9.20040822602594	NA	NA	-4.99485931485291	NA	NA	-8.99877436485629	-7.54505639741339	NA	NA	NA	-11.9373738201921	NA	-2.82189660277221	NA	-8.76744881874984	NA	NA	-8.39305330396834	NA	-8.76744881874984	-9.35241131947099	NA
Villapol_11_DPI_545	NA	NA	NA	NA	NA	NA	NA	-11.3642910192894	-5.89552153607281	-11.5866834406259	NA	NA	-7.33875592718231	NA	-10.5866834406259	NA	NA	-12.1716459413471	NA	-6.09483034429622	NA	NA	-4.01682783229495	NA	-10.0017209399047	NA	-6.5350213208034	NA	NA	-9.52778975157233	-4.6898465096813	NA	NA	NA	NA	-9.21744963096018	NA	NA	-1.55509709756806	-5.33244215325011	NA	NA	NA	NA	NA	NA	NA	-10.0017209399047	-10.5866834406259	NA	-5.34192320626099	NA	NA	NA	NA	-12.1716459413471	NA	NA	-1.27720708678479	NA	NA	-7.98182138246703	NA	NA	NA	-12.1716459413471	NA	NA	NA	NA	NA	-7.86786519316995	NA	-9.00172093990474	-13.1716459413471	NA	NA	-7.71221432270975	NA	NA	-12.1716459413471	-11.5866834406259	NA	NA	NA	NA	-12.1716459413471	-5.37723007499695	NA	-9.71221432270976	NA	NA	NA	NA	NA	NA	NA
Villapol_11_DPI_546	NA	NA	NA	NA	NA	NA	NA	NA	-5.29747868639611	NA	NA	NA	NA	NA	NA	-8.59913438625721	-6.91687468418114	-7.02539914095931	-7.45554353262836	NA	NA	NA	NA	-8.4106892968441	NA	NA	NA	NA	NA	NA	-5.61177121193514	NA	NA	NA	NA	NA	NA	NA	-1.01364774564259	-4.47273004344504	NA	NA	NA	NA	NA	NA	-9.32495942281822	NA	-12.0253991409593	NA	-1.4923127987917	NA	NA	NA	NA	NA	NA	NA	NA	NA	NA	NA	NA	-13.0253991409593	NA	NA	NA	NA	NA	NA	NA	-5.15195502844393	-11.2180442189017	NA	NA	NA	NA	NA	NA	NA	NA	NA	NA	NA	NA	NA	NA	-10.4404366402382	NA	NA	NA	NA	NA	NA	NA	NA	NA
Villapol_11_DPI_547	NA	NA	NA	NA	NA	NA	NA	NA	-3.95178713358284	NA	NA	NA	NA	-12.3947306294316	NA	-6.6398431272681	-4.95732531712427	-6.545064902516	-4.66228051638786	NA	NA	NA	-10.1723382080951	-10.3947306294316	NA	NA	NA	NA	NA	NA	-4.3286414389738	NA	NA	NA	NA	NA	-9.89223028890239	NA	-1.22063719099256	-4.08033620722961	NA	NA	NA	NA	NA	NA	-6.78002078531636	NA	-11.3947306294316	NA	-2.221469915426	-9.27925341201163	NA	NA	NA	NA	NA	-8.89223028890239	-11.9796931301527	NA	NA	NA	NA	NA	NA	NA	NA	NA	NA	NA	NA	-3.83121654797445	-9.58737570737397	NA	-10.9796931301527	-8.97969313015273	NA	NA	NA	NA	NA	NA	NA	-11.9796931301527	NA	NA	NA	NA	NA	NA	NA	NA	NA	NA	NA	NA	NA
Villapol_11_DPI_548	NA	NA	NA	NA	NA	NA	NA	-8.74505078412265	-5.56996407756455	-9.30692967173076	NA	NA	-8.17568513845251	NA	NA	NA	-10.6992470945095	-12.6992470945095	-5.97132663994632	-5.81050384561126	NA	NA	-3.76113776829028	-10.3773189996222	NA	NA	NA	NA	NA	NA	-4.53182894867778	NA	NA	NA	NA	-8.14465824283188	NA	NA	-6.09933425232239	-5.32420766316259	-10.6992470945095	NA	NA	NA	NA	NA	NA	-8.84126609938195	-9.37731899962216	-12.6992470945095	-1.21442420024737	-10.3773189996222	NA	NA	NA	-10.6992470945095	NA	NA	-1.71803660623783	NA	NA	-7.25630359866079	NA	NA	NA	NA	NA	NA	NA	NA	NA	-7.37731899962216	NA	NA	NA	-8.52932209306721	NA	-7.97132663994632	NA	NA	-9.30692967173076	-9.792356498901	NA	NA	NA	-13.6992470945095	-9.99880737636843	-6.91788738098486	-12.6992470945095	-8.11428459378836	NA	NA	NA	NA	NA	NA	NA
Villapol_11_DPI_549	NA	NA	NA	NA	NA	NA	NA	-9.07500716637337	-4.38111029409905	-8.43454955306052	NA	NA	-8.30448901249614	NA	-9.70303838898642	-10.7030383889864	-10.5775075069026	-11.3551150855661	NA	-7.39428568284679	NA	NA	-4.22436068140447	-11.3551150855661	NA	-11.1624700076237	NA	NA	NA	NA	-4.44822448995759	NA	NA	NA	NA	NA	NA	NA	-7.08565441057288	-5.49358502335747	-11.8405419127364	NA	NA	NA	NA	NA	NA	NA	-10.3551150855661	NA	-1.09772724287346	-10.3551150855661	NA	NA	NA	-10.1624700076237	-10.9925450061814	NA	-1.65566656982807	NA	NA	-8.6389080515667	NA	NA	NA	NA	NA	NA	NA	NA	NA	-7.57750750690256	NA	-12.5775075069026	-10.3551150855661	-10.2555794120152	NA	-10.5775075069026	NA	NA	NA	-8.80491800300563	NA	NA	NA	-9.20827369723684	NA	-9.9925450061814	NA	-8.49004466565222	NA	NA	NA	NA	NA	NA	NA
Villapol_11_DPI_550	NA	NA	NA	NA	NA	NA	NA	-9.85748120662133	-5.92674386905845	NA	NA	NA	NA	NA	NA	-9.71063981829206	-8.73409879111605	-10.3429080337916	-5.02459119245659	-4.83036507869471	NA	NA	-2.81543102773118	NA	NA	NA	NA	NA	NA	NA	-3.91580474663873	-7.69905184401685	NA	NA	NA	NA	NA	NA	-6.05750581492933	-5.14323568895521	NA	-11.8574812066213	NA	NA	NA	NA	-10.9643964105378	NA	NA	-12.6648361286789	-2.30893449035052	NA	NA	NA	NA	NA	NA	NA	-1.53297916807014	-12.6648361286789	-12.6648361286789	-8.1256773175709	-11.2054045100416	NA	NA	-10.0798736279578	NA	NA	NA	NA	NA	-5.95059061101281	NA	NA	-8.71063981829206	-7.39804958798404	NA	NA	NA	NA	NA	-9.1102472770013	NA	NA	NA	-10.3429080337916	-11.8574812066213	-3.79601357390394	NA	-8.75794553307042	NA	NA	NA	NA	NA	-10.6648361286789	NA
Villapol_11_DPI_551	NA	NA	NA	NA	NA	NA	NA	NA	-7.40522951019266	NA	NA	NA	NA	NA	NA	-8.26321050532024	-8.09328550387792	-9.67824800459908	-6.90565850070215	NA	NA	NA	-12.5851386002076	NA	NA	NA	NA	NA	NA	NA	-5.27452581854807	NA	NA	NA	NA	NA	-12.2632105053202	NA	-4.44814748812737	-5.9269271174558	NA	NA	NA	NA	NA	NA	-9.5851386002076	NA	NA	NA	-1.53511993165527	NA	NA	NA	NA	NA	NA	NA	-1.21840658762331	NA	NA	-8.77778367814999	NA	NA	NA	NA	NA	NA	NA	NA	NA	-5.98151225522141	NA	NA	NA	NA	NA	NA	NA	NA	NA	NA	NA	NA	NA	NA	NA	-3.39654975450025	NA	NA	NA	NA	NA	NA	NA	NA	NA
Villapol_11_DPI_552	NA	NA	NA	NA	NA	NA	NA	NA	-7.36507258658788	NA	NA	NA	NA	NA	NA	-7.47198779050439	-7.85049941375812	NA	-8.85049941375812	NA	NA	NA	NA	NA	NA	NA	NA	NA	NA	NA	NA	NA	NA	NA	NA	NA	NA	NA	-5.50000216667399	NA	NA	NA	NA	NA	NA	NA	NA	NA	NA	NA	-2.05868534259629	NA	NA	NA	NA	NA	NA	NA	-0.533086799993251	NA	NA	NA	NA	NA	NA	NA	NA	NA	NA	NA	NA	-7.26553691303696	NA	NA	NA	NA	NA	NA	NA	NA	NA	NA	NA	NA	NA	NA	NA	-5.50000216667399	NA	NA	NA	NA	NA	NA	NA	NA	NA
Villapol_11_DPI_553	NA	NA	NA	-13.1731305573839	NA	NA	NA	-6.83328055449925	-5.91574271469122	-9.64956860132686	NA	NA	-6.37223065746357	NA	-10.4726908392428	-9.12873643802542	-8.96367719175492	NA	NA	-3.48838193696225	NA	-11.8512024624965	-4.15632226969732	-12.1731305573839	NA	NA	NA	NA	-10.7136989387466	-7.81557855276579	-4.6476097482888	-6.46577142530299	NA	NA	NA	-12.1731305573839	NA	NA	-5.89235978725327	-4.52028558438189	-11.1731305573839	NA	NA	NA	NA	NA	NA	-9.52927436760915	-10.8512024624965	NA	NA	NA	NA	NA	NA	-8.88772833852162	-12.5881680566627	NA	-0.721404289309366	NA	NA	-7.98330599850386	NA	NA	NA	-9.17313055738387	NA	NA	-10.2662399617754	NA	NA	-11.0032055559416	NA	-8.74686580268177	-8.19585063388396	NA	NA	-8.6812774610542	-13.1731305573839	NA	NA	-10.2662399617754	NA	NA	NA	-10.4726908392428	NA	-4.07378274698068	NA	-7.85120246249651	NA	NA	-10.0856677161335	NA	-11.8512024624965	-9.47269083924278	NA
Villapol_11_DPI_554	NA	NA	NA	NA	-13.5516281630702	NA	NA	NA	-5.45711056428596	NA	-8.53667782160428	NA	NA	NA	NA	-9.81466256890404	-7.266225944208	-9.30370064962666	NA	-11.814662568904	NA	NA	-12.3292357417338	-11.4361509456503	NA	NA	-11.814662568904	NA	NA	NA	-5.05577313618308	NA	NA	NA	NA	-8.43615094565031	-13.5516281630702	NA	-3.93569205875296	-5.72932289954667	NA	NA	NA	NA	NA	NA	-10.2786096686638	NA	NA	NA	NA	NA	NA	NA	NA	-12.814662568904	NA	NA	-0.657757858285152	NA	NA	-8.64473756746173	NA	NA	NA	NA	NA	NA	NA	NA	NA	-10.6771590451541	NA	NA	-13.5516281630702	NA	NA	-4.37503943134692	NA	NA	NA	-11.4361509456503	NA	NA	NA	NA	NA	-2.64048588445128	NA	NA	NA	NA	NA	NA	NA	NA	NA
Villapol_11_DPI_555	NA	NA	NA	NA	NA	NA	NA	NA	-8.04199002774916	NA	NA	NA	NA	NA	NA	-9.79489716578439	-7.72960570553267	-9.05793157161819	NA	NA	NA	NA	-12.9648221672267	-11.9648221672267	NA	NA	NA	NA	NA	NA	-7.2278565730605	NA	NA	NA	NA	NA	-12.5497846679479	NA	-8.26438244908561	-6.0944574476433	NA	NA	NA	NA	NA	NA	-10.6428940723393	NA	NA	NA	-3.59704342076137	NA	NA	NA	-2.75536880159775	NA	NA	NA	-0.620618742726469	NA	NA	-6.59558835756098	NA	-4.13933331644386	-9.90592847817313	NA	NA	NA	NA	NA	NA	NA	NA	NA	NA	NA	NA	-11.2278565730605	NA	NA	NA	NA	NA	NA	NA	NA	NA	-8.57250474444794	NA	NA	-6.57824111399709	NA	NA	NA	NA	NA	NA
Villapol_11_DPI_556	NA	NA	NA	NA	NA	NA	NA	NA	-8.02609254018016	NA	-7.70890236429946	NA	NA	NA	NA	-11.1494749556854	-8.67142765888079	NA	NA	NA	NA	NA	NA	-8.78690487630073	NA	NA	NA	NA	NA	NA	-7.22890942317984	NA	NA	NA	NA	NA	NA	NA	-6.88001428069221	-7.91243575838459	NA	NA	NA	NA	NA	NA	NA	NA	NA	NA	-2.40320058382668	NA	NA	NA	-2.17096877198344	NA	NA	NA	-1.72141394214052	NA	NA	-8.20194237557958	NA	-4.79695854096465	-10.956829877743	NA	NA	NA	NA	NA	NA	-11.3718673770219	NA	NA	NA	NA	NA	-3.68070547246881	NA	NA	NA	NA	NA	NA	NA	NA	NA	-2.96956586567051	NA	NA	-7.22890942317984	NA	NA	NA	NA	NA	NA
Villapol_11_DPI_557	NA	NA	NA	NA	NA	NA	NA	NA	-6.86401508964633	NA	-10.7788984760084	NA	NA	NA	NA	NA	-8.34149316370108	-10.0419328818422	NA	NA	NA	NA	NA	-9.15440761110058	NA	NA	NA	NA	NA	NA	-6.07384212979691	NA	NA	NA	NA	NA	-12.3638609767295	NA	-7.45697038112101	-6.77889847600838	NA	NA	NA	NA	NA	NA	-10.1939359752872	NA	NA	NA	-2.97692073140522	NA	NA	NA	-2.48427772711675	NA	NA	NA	-0.910718976755898	NA	NA	-6.69143563475804	NA	-4.42722303772696	-7.07845875786728	NA	NA	NA	NA	NA	NA	NA	NA	NA	NA	NA	NA	-6.21920273389765	NA	NA	NA	NA	NA	NA	NA	NA	NA	-4.89829457192013	NA	NA	-7.33043797519208	NA	NA	NA	NA	NA	NA
Villapol_11_DPI_558	NA	NA	NA	NA	NA	NA	NA	-9.04842494910593	-6.70695666782292	NA	NA	NA	NA	NA	-9.37857355079826	-6.44176737728545	-5.1680065648586	NA	-4.31556375327246	-12.5078565677432	NA	NA	-11.7005016456856	NA	NA	NA	NA	NA	NA	NA	-4.47581084081242	NA	-12.9228940670221	NA	NA	NA	-11.7005016456856	NA	NA	-3.58304406413744	NA	NA	NA	NA	NA	NA	-7.83543122577173	-5.91914193216096	-10.0484249491059	NA	-0.520237255818899	-10.2599290542996	-10.7005016456856	NA	NA	NA	NA	NA	-13.5078565677432	NA	NA	-6.65610752632717	NA	NA	NA	NA	NA	NA	NA	NA	NA	-9.04842494910593	NA	NA	NA	NA	NA	NA	NA	-10.5078565677432	NA	-9.15030456312514	NA	NA	NA	NA	NA	-4.93610392423968	NA	NA	NA	-10.5078565677432	NA	NA	NA	NA	NA
Villapol_11_DPI_559	NA	NA	NA	NA	NA	NA	NA	-11.2038373839346	-8.39648246187695	NA	-8.43830263757158	NA	NA	NA	-11.7184105567643	-7.01797083862322	-5.77757262923246	NA	-11.2038373839346	NA	NA	NA	NA	NA	NA	NA	NA	NA	-9.94080297810076	NA	-6.23114472993029	-8.91105563470671	NA	NA	NA	NA	-10.2778379653783	NA	NA	-4.53850146674938	NA	NA	NA	NA	NA	NA	-8.85334013685042	-10.1334480560432	NA	NA	-1.2138752849713	-7.68027542787754	-12.2038373839346	NA	NA	NA	NA	NA	NA	NA	NA	-8.3558404773796	NA	NA	NA	NA	NA	NA	NA	NA	NA	-9.20383738393455	NA	NA	NA	NA	-9.88190928904719	-4.73786291943048	NA	NA	NA	NA	NA	NA	NA	NA	NA	-1.2368994046561	NA	NA	NA	NA	NA	NA	NA	NA	NA
Villapol_11_DPI_560	NA	NA	NA	NA	NA	NA	NA	NA	-5.85222937937318	NA	NA	NA	NA	NA	NA	-7.82474864295107	-5.89445761476248	NA	-8.30474158407069	NA	NA	NA	NA	-5.66392584861601	NA	NA	NA	NA	NA	NA	-5.86616857033105	NA	NA	NA	NA	NA	-10.2307410026269	NA	-2.94072215569429	-4.75825323116417	NA	NA	NA	NA	NA	NA	-8.46520625626393	NA	NA	NA	-0.757035253007494	-10.5526690975143	NA	NA	NA	NA	NA	NA	-2.90701066510556	NA	NA	-9.96770659679312	NA	NA	NA	-8.0608160011846	NA	NA	NA	NA	NA	-7.02910714145726	NA	NA	NA	NA	-10.2307410026269	-7.32385040701839	NA	NA	NA	NA	-11.9677065967931	NA	NA	NA	NA	-7.5984727871274	NA	NA	NA	NA	NA	NA	NA	NA	NA
Villapol_11_DPI_561	NA	NA	NA	NA	NA	NA	NA	NA	-7.35642375317958	NA	-8.68762966165495	NA	NA	NA	NA	NA	-9.51254295509686	NA	NA	NA	NA	NA	NA	-10.5543631307915	NA	NA	NA	NA	-13.0568634713207	NA	-6.86703891244065	NA	NA	NA	NA	NA	NA	NA	-6.66454604854191	-5.15197801160253	NA	NA	NA	NA	NA	NA	NA	NA	NA	NA	-1.4626944056463	NA	NA	NA	NA	NA	NA	NA	-1.08711722050616	NA	NA	-10.8344710499842	NA	NA	NA	-10.6418259720418	NA	NA	NA	NA	NA	-7.58654353654064	NA	NA	-13.6418259720418	NA	NA	-4.28647487561701	NA	NA	NA	NA	-10.7349353764333	NA	NA	NA	NA	-4.29420460347369	NA	NA	NA	NA	NA	NA	NA	NA	NA
Villapol_11_DPI_562	NA	NA	NA	NA	NA	NA	NA	NA	-7.63432213381515	NA	NA	NA	NA	-14.716471175169	NA	NA	-7.90911625311142	NA	-10.0726149853943	NA	NA	NA	-12.1315086744479	NA	NA	NA	NA	NA	NA	NA	-8.03699107566358	NA	NA	NA	NA	NA	-10.4310689563068	NA	-12.0160314570279	-5.6571267143446	NA	NA	NA	NA	NA	NA	NA	-13.1315086744479	NA	NA	-7.53656208515409	NA	NA	NA	NA	NA	NA	NA	-0.41511788495019	NA	NA	-9.32415375239026	NA	NA	NA	NA	NA	NA	NA	NA	NA	-9.50701780954008	NA	NA	NA	NA	NA	-12.5465461737267	NA	NA	NA	NA	NA	NA	NA	NA	NA	-2.27599127635781	NA	NA	NA	NA	NA	NA	NA	NA	NA
Villapol_11_DPI_563	NA	NA	NA	NA	NA	NA	NA	-7.08736551639174	-5.18666485690242	-8.85554984116867	NA	-11.2705873404475	-5.57942543589443	NA	-8.36369674483899	NA	-9.76808699991833	-9.39611822253137	-5.84432258574541	-2.59816199847602	-11.2705873404475	-11.2705873404475	-3.33296830991384	NA	-11.0481949191111	NA	-7.41260634531994	-11.5336217462813	-9.39611822253137	-9.21169365139394	-6.05464994124836	-6.33198788511165	NA	NA	NA	NA	NA	NA	NA	-3.70073173211656	-9.04819491911106	NA	-8.42928508646657	NA	NA	NA	NA	-8.57014762230642	-7.81115572181021	NA	NA	NA	NA	-10.5336217462813	NA	-9.60762232772508	-10.1551101230276	NA	-1.06581244010152	-10.0481949191111	-9.94865924556015	-7.68562483972635	NA	NA	NA	-8.24083999705346	NA	NA	-10.5336217462813	NA	NA	NA	NA	-7.14130432350254	-7.41260634531994	-6.76808699991833	NA	NA	NA	NA	-8.7262668242237	-8.90135353078179	NA	NA	NA	-9.68562483972635	NA	NA	NA	-7.18312449919717	NA	NA	-10.5336217462813	NA	-12.8555498411687	NA	NA
Villapol_11_DPI_564	NA	NA	NA	NA	-13.0622148246591	NA	NA	NA	-5.78609041938487	NA	-6.17144389441387	NA	NA	NA	NA	-7.71643998781738	-9.36177510651802	NA	-3.74480221089424	NA	NA	NA	-11.477252323938	-7.76453427601842	NA	NA	NA	NA	NA	NA	-3.5178943084353	NA	NA	NA	NA	-5.32299677876152	NA	NA	-12.6471773253803	-5.55178030258771	NA	NA	NA	NA	NA	NA	-10.7402867297717	-11.3252492304929	NA	NA	NA	NA	NA	NA	NA	NA	NA	NA	-12.0622148246591	NA	NA	NA	NA	NA	NA	NA	NA	NA	NA	NA	NA	-5.46478297197574	NA	NA	NA	NA	NA	-1.7762347187309	NA	NA	NA	NA	NA	NA	NA	NA	NA	-1.20916523772913	NA	NA	NA	NA	NA	NA	NA	NA	NA
Villapol_11_DPI_565	NA	NA	NA	NA	-13.0072609206382	NA	NA	NA	NA	NA	-5.09636839447223	NA	NA	-13.0072609206382	NA	NA	NA	NA	-7.90572289417618	-10.3442959079158	NA	NA	-11.0072609206382	NA	NA	NA	NA	NA	NA	NA	-8.56985560833095	NA	NA	NA	NA	-4.77844223014237	-8.40239886247939	NA	NA	-7.24349526712833	NA	NA	NA	NA	NA	-13.0072609206382	NA	NA	NA	NA	-10.7848684993018	NA	NA	NA	NA	NA	NA	NA	-11.5922234213594	NA	NA	NA	NA	NA	NA	NA	NA	NA	NA	-11.0072609206382	NA	-10.6853328257509	NA	NA	NA	NA	NA	-1.19990599858064	NA	NA	NA	NA	NA	-12.0072609206382	NA	NA	NA	-1.06242687125994	NA	NA	NA	NA	NA	NA	NA	NA	NA
Villapol_11_DPI_566	NA	NA	NA	NA	NA	NA	NA	-6.56646674117179	-5.20341391289823	-8.05886312315688	NA	NA	-5.50271431994046	NA	-8.21358571795552	-9.7715811710764	-10.0346155769102	-10.0346155769102	-12.9415061725187	-3.28687014399075	NA	NA	-2.71088523938885	NA	-11.1341512504611	NA	-4.24453864628443	NA	NA	-8.4179442164617	-4.00781551756648	-5.45769039525446	-11.6195780776314	NA	NA	NA	NA	NA	-5.05886312315688	-5.46172590848962	-9.0346155769102	NA	-10.0346155769102	NA	NA	NA	NA	NA	-8.08352517739115	NA	NA	NA	NA	NA	NA	-10.9415061725187	NA	NA	-1.71871126965061	NA	NA	-8.65610395365647	NA	NA	NA	-10.6195780776314	NA	NA	-8.73205280688977	NA	NA	NA	NA	-9.4179442164617	-8.24106645437763	NA	NA	-9.54918874973996	NA	NA	-10.9415061725187	-8.7715811710764	NA	NA	NA	-12.9415061725187	NA	-2.76035391565315	NA	-8.35654367179756	NA	NA	NA	NA	-11.3565436717976	-9.48207455388142	NA
Villapol_11_DPI_567	NA	NA	NA	NA	NA	NA	NA	-10.03351181283	-6.66127863609454	NA	-8.56144336851475	NA	NA	-13.9877081232168	NA	-10.2328206210534	-10.9002452819665	-11.0808175276083	-9.66578002832948	-11.1803532011592	NA	NA	-9.63015611859876	-8.96534031018839	NA	NA	-9.98770812321685	NA	NA	NA	-7.12352197856257	-8.96534031018839	NA	NA	NA	NA	-10.2872684050758	NA	-2.73592986618098	-5.4159554797133	NA	NA	NA	NA	NA	NA	NA	NA	NA	NA	NA	-10.7397806097733	NA	NA	NA	NA	NA	NA	-4.87918366643868	NA	-13.4027456224957	-10.2328206210534	NA	NA	NA	NA	NA	NA	NA	NA	NA	NA	NA	-11.9877081232168	NA	NA	NA	-4.75049816246182	NA	NA	NA	NA	-11.1803532011592	NA	NA	NA	NA	-0.470961626796845	NA	-11.1803532011592	NA	NA	NA	NA	NA	NA	NA
Villapol_11_DPI_568	-11.6859532848139	NA	NA	NA	NA	-11.5160282833716	NA	-8.11609767648297	-5.20213750754966	-12.3640251899266	-5.81250917229854	NA	-8.75521594725103	-13.6859532848139	NA	-8.66358547178546	-6.85306327064918	-9.98551356667283	-12.3640251899266	-10.1009907840928	-13.6859532848139	NA	-9.82797228968635	-8.29363586203516	NA	NA	NA	NA	NA	NA	-6.19811325099087	-5.8947903962589	-12.1009907840928	NA	NA	-11.3640251899266	-9.32840128019583	NA	-1.06435924579638	-4.52482140182961	NA	NA	NA	NA	NA	-8.51602828337161	-10.1009907840928	NA	-12.3640251899266	NA	NA	-6.90459357128926	-12.1009907840928	NA	NA	-12.6859532848139	NA	NA	NA	NA	-11.1009907840928	NA	NA	NA	NA	NA	NA	NA	-12.6859532848139	-11.1009907840928	NA	-5.89805072542249	NA	NA	-6.30224899233987	NA	-8.708673361314	-1.91260799352265	NA	NA	NA	-8.82797228968635	NA	-13.1009907840928	NA	NA	NA	-4.01441221810203	NA	-10.1009907840928	NA	NA	NA	NA	NA	-11.8785983627563	NA
Villapol_11_DPI_569	NA	NA	NA	NA	NA	-11.3629711636053	NA	-9.77800866288414	-3.44933373555619	NA	-7.27550832235496	NA	NA	NA	NA	-8.48032811424345	-6.35174390818204	-9.97065374082653	NA	-6.74826131949009	NA	NA	-10.7780086628841	-10.275508322355	NA	NA	NA	NA	NA	NA	-3.8502307008018	NA	NA	NA	NA	NA	-10.6625314454642	NA	-0.986167465491157	-3.37712922660196	NA	NA	NA	NA	NA	NA	-9.71911497383057	-6.83940920754828	-8.87111806727562	NA	NA	-7.9367064089032	NA	NA	NA	-10.1150436501617	NA	NA	NA	NA	NA	NA	NA	NA	NA	NA	NA	NA	NA	-12.3629711636053	NA	-4.14017626073719	NA	NA	-8.60808366144183	NA	NA	-3.26955359921733	-9.40877485321842	NA	-11.3629711636053	-7.28615556655446	NA	NA	NA	NA	NA	-6.12935148684559	NA	NA	NA	NA	NA	NA	NA	NA	NA
Villapol_11_DPI_570	NA	NA	NA	NA	NA	NA	NA	NA	-8.1316333216313	NA	-9.61080115832986	NA	NA	NA	NA	-10.4072677642447	-7.83501631527313	-9.22893052298622	-9.70099896730144	NA	NA	NA	NA	-8.95475555954723	NA	NA	NA	NA	-12.0702327769672	NA	-5.85753375183456	NA	NA	NA	NA	-10.485270276246	NA	NA	-2.18860893996907	-4.65660484794299	NA	NA	NA	NA	NA	NA	-10.0113390879136	-13.0702327769672	NA	NA	NA	-7.54667082091015	NA	NA	NA	NA	NA	NA	-0.948699259627129	NA	NA	-9.44574191205937	NA	-13.6551952776883	NA	NA	NA	NA	NA	NA	NA	-10.9547555595472	NA	NA	NA	NA	NA	-5.33552315674132	NA	NA	NA	NA	NA	NA	NA	NA	NA	-2.67434167130858	NA	NA	NA	NA	NA	NA	NA	NA	NA
Villapol_11_DPI_571	NA	NA	NA	NA	NA	NA	NA	NA	-8.01197820280252	NA	-7.38458043576096	NA	NA	NA	NA	-10.99060455201	-8.66867645712259	-9.75613929837293	-10.1711767976518	NA	NA	NA	-12.0780673932603	-8.75613929837293	NA	NA	NA	NA	NA	NA	-6.40211036031854	NA	NA	NA	NA	-9.94878437631532	-13.4931048925391	NA	-2.53020888720187	-5.1108411344243	NA	NA	NA	NA	NA	NA	-10.6857499704815	NA	NA	NA	NA	-9.01197820280252	NA	NA	NA	NA	NA	NA	-1.27878577173837	NA	NA	-8.81128085256539	NA	NA	NA	NA	NA	NA	NA	NA	NA	NA	NA	NA	NA	NA	NA	-3.26428620204325	NA	NA	NA	NA	NA	NA	NA	NA	NA	-2.01939914291972	NA	NA	NA	NA	NA	NA	NA	NA	NA
Villapol_11_DPI_572	NA	NA	NA	-9.86817272872229	NA	NA	NA	-8.2581192470383	NA	-6.11047569297199	-8.50139039805066	NA	NA	NA	NA	NA	NA	NA	-1.74977802792006	NA	NA	NA	NA	-7.81231949398877	NA	-10.7941721472785	NA	NA	NA	NA	NA	-4.02996401713856	NA	NA	NA	NA	NA	NA	-1.02268267777791	NA	NA	NA	-10.4156605240248	NA	NA	NA	NA	NA	NA	NA	NA	-4.49404842270949	NA	NA	NA	NA	NA	NA	NA	-8.41566052402478	-11.5311377414447	NA	NA	NA	NA	NA	NA	NA	NA	NA	NA	NA	NA	NA	NA	NA	NA	-4.47404854923789	NA	NA	NA	-8.20920964655735	NA	NA	NA	-9.86817272872229	NA	-7.84931370147097	NA	-6.38817978760267	NA	-6.86817272872229	NA	NA	NA	NA	NA
Villapol_11_DPI_573	NA	NA	NA	NA	NA	NA	NA	NA	-6.77306537821877	NA	-8.86187464517663	NA	NA	NA	NA	-10.1952983789018	-7.76233897162571	-8.86187464517663	-9.31559261261953	-10.6692295672342	NA	NA	-13.2541920679554	-11.3797229500392	NA	NA	NA	NA	NA	NA	-5.68686972636996	NA	NA	NA	NA	NA	NA	NA	-2.50655851088733	-4.43507743243531	NA	NA	NA	NA	NA	-9.83915456867654	-9.75169172742621	-10.591227055233	NA	NA	NA	-7.49042641444547	NA	NA	NA	-12.2541920679554	-11.1387148505355	NA	-1.16927298035885	NA	NA	-9.88495825828967	NA	NA	NA	NA	NA	NA	NA	NA	NA	NA	NA	NA	NA	NA	NA	-4.38485527505665	-11.1387148505355	NA	NA	-11.8391545686765	NA	NA	NA	NA	NA	-2.09958489465056	-13.2541920679554	NA	NA	NA	NA	NA	NA	NA	NA
Villapol_11_DPI_574	NA	NA	NA	-9.75081619718935	NA	NA	NA	-8.18691531199602	NA	-5.12971991041448	-10.186915311996	NA	NA	NA	NA	NA	NA	NA	-1.12145957710974	NA	NA	NA	NA	-10.952450058359	NA	NA	-11.2743781532464	NA	NA	NA	NA	-6.56701902116548	NA	NA	NA	-10.186915311996	NA	NA	-1.34345605612109	NA	NA	NA	NA	NA	NA	NA	NA	NA	NA	NA	NA	-4.81699727417383	NA	NA	NA	NA	-10.952450058359	NA	NA	-10.1044531518041	-9.57393843510527	NA	NA	NA	NA	NA	-11.4670232311888	NA	-8.4930184397217	NA	-9.06492478761741	NA	NA	NA	-7.06492478761741	NA	NA	-5.55327896453918	-9.32018184285949	-11.4670232311888	NA	-8.22998403388791	NA	NA	NA	-9.46702323118876	NA	-6.65232633378999	NA	NA	NA	-6.45419919083118	NA	NA	NA	NA	NA
Villapol_11_DPI_575	NA	NA	NA	NA	NA	NA	NA	-11.9032362964492	-4.87770120434201	NA	-8.03816587653526	NA	NA	NA	-12.7105912185068	NA	-8.01015150036566	-11.2511595998695	NA	-13.7105912185068	NA	NA	NA	-7.50113785287781	NA	NA	-12.3886631236194	NA	NA	NA	-4.44967168484385	NA	NA	NA	NA	-10.1870292624497	NA	NA	-1.14882595487905	-4.85261022337918	NA	NA	NA	NA	NA	NA	NA	-11.5406662170644	NA	NA	NA	-6.89041225609157	NA	NA	NA	NA	NA	NA	NA	NA	NA	-10.066735028732	NA	-1.97503519459522	NA	NA	NA	NA	NA	NA	NA	NA	NA	NA	NA	NA	NA	-3.70988694949551	-10.318273795728	NA	-10.5406662170644	-10.9032362964492	NA	NA	NA	NA	NA	-3.69866515219995	NA	NA	NA	NA	NA	NA	NA	NA	NA
Villapol_11_DPI_576	NA	NA	NA	NA	NA	-13.6663904580126	NA	-13.0814279572914	-5.42559912585063	NA	-6.16654457092938	NA	NA	NA	NA	-9.418462944569	-6.67203702115373	-9.45693709238364	NA	NA	NA	NA	NA	-7.37176970912096	NA	NA	NA	NA	NA	NA	-7.19065702704619	NA	NA	NA	NA	-6.05906014426298	NA	NA	-0.978577395447658	-4.99043342507084	NA	NA	NA	NA	NA	NA	-8.51664333850791	-10.4964654565703	NA	NA	NA	-5.82404011459878	NA	NA	NA	NA	NA	NA	NA	NA	NA	-10.859035535955	NA	-4.49646545657028	NA	NA	NA	-12.6663904580126	NA	NA	NA	-11.859035535955	NA	NA	NA	NA	NA	-2.43606974235148	NA	NA	-10.9659507398715	-12.0814279572914	NA	NA	NA	NA	NA	-2.92956575891372	NA	NA	NA	NA	NA	NA	NA	NA	NA
Villapol_11_DPI_577	NA	NA	NA	NA	NA	NA	NA	-6.20519680607393	-4.60888338101624	-7.79701297783614	NA	NA	NA	NA	-7.62251524660401	NA	-8.53397857200235	-10.22585627664	-2.13676234981075	-10.9262959947811	NA	NA	-1.52115453164477	-9.46686437614381	NA	NA	NA	NA	NA	NA	-3.50212970596301	-6.04977904821611	-9.06831499965354	NA	NA	NA	NA	NA	NA	-3.95475244083034	-6.97209968439424	-11.6043678998937	NA	NA	NA	NA	NA	-7.38713718367308	NA	NA	NA	-4.05593127519771	-11.9262959947811	NA	NA	-10.6043678998937	NA	NA	NA	NA	-9.17140849261764	-9.01940539917259	NA	-7.83883315353077	NA	NA	-11.9262959947811	NA	NA	NA	NA	-7.55125656343419	-10.6043678998937	NA	NA	-11.9262959947811	NA	NA	NA	NA	-9.4027340387241	-8.7563709933388	NA	NA	NA	-11.9262959947811	-6.44248021751685	-4.02090898976298	NA	-6.63167524588948	NA	NA	NA	-10.4668643761438	-9.46686437614381	NA	NA
Villapol_11_DPI_578	NA	NA	NA	NA	NA	NA	NA	-13.5708637188471	-4.84464555951494	NA	-6.76350879678953	NA	-11.5708637188471	NA	-13.5708637188471	-8.32293620540355	-6.58787014415283	NA	-11.985901218126	NA	NA	NA	-10.7635087967895	-6.25798076356278	NA	NA	NA	NA	NA	NA	-5.46495521027598	NA	NA	NA	NA	-11.7635087967895	-12.5708637188471	NA	-0.928586340343276	-4.50208544086172	NA	NA	NA	NA	NA	NA	-8.42111659934245	-10.5708637188471	-12.985901218126	NA	NA	-6.10325816876414	NA	NA	NA	NA	NA	NA	NA	NA	NA	-9.87042400070604	NA	-4.36751571586737	NA	NA	NA	NA	NA	NA	NA	NA	NA	NA	NA	NA	NA	-2.81890130538628	-12.985901218126	NA	NA	NA	NA	NA	NA	NA	NA	-2.98966313692218	NA	NA	NA	NA	NA	NA	NA	NA	NA
Villapol_11_DPI_579	NA	NA	NA	NA	NA	NA	NA	-10.0429418133471	-4.78084696797695	NA	NA	NA	NA	NA	-9.72101371845977	-7.48835296166949	-7.12407857607253	-7.48835296166949	-3.84449677189477	NA	NA	NA	-11.7210137184598	-6.32869629568101	NA	NA	NA	NA	NA	NA	-3.45235476343209	NA	-11.2355868912895	NA	NA	NA	NA	-11.0429418133471	-12.457979312626	-3.63037196654192	NA	NA	NA	NA	NA	NA	-9.18496081821956	-9.72101371845977	NA	NA	NA	-1.65196680719159	NA	NA	NA	NA	NA	NA	NA	NA	NA	-7.37051647137563	NA	-4.64206237706494	NA	NA	NA	NA	NA	NA	NA	-3.26158209982247	NA	NA	NA	NA	NA	NA	NA	NA	NA	-10.7210137184598	NA	NA	NA	NA	NA	-2.21361547750546	NA	NA	NA	NA	NA	NA	NA	NA	NA
Villapol_11_DPI_580	NA	NA	NA	NA	NA	NA	NA	NA	-5.15327991450323	NA	-7.63018266936693	NA	NA	NA	NA	-6.11635334550487	-8.50217505699086	-9.14263267030372	-4.57009961912408	NA	NA	NA	-9.52965579341297	-6.0109269910919	NA	NA	NA	NA	NA	-12.2300955115541	-2.99947457842419	NA	-10.9081674166667	NA	NA	NA	-9.52965579341297	NA	-1.09390540723461	-3.83563281694374	NA	NA	NA	NA	NA	NA	-8.77066389291676	NA	NA	NA	NA	-8.12157105477589	NA	NA	NA	NA	NA	NA	-11.0601705101117	NA	NA	-9.23009551155406	NA	NA	NA	NA	NA	NA	NA	NA	NA	-3.37133741161864	NA	NA	NA	NA	NA	-3.64044436503927	NA	NA	-11.6451330108329	-11.0601705101117	NA	-11.6451330108329	NA	NA	NA	-4.74225547773101	NA	NA	NA	NA	NA	NA	NA	NA	NA
Villapol_11_DPI_581	NA	NA	NA	NA	NA	NA	NA	-12.5403096962652	-11.5403096962652	NA	-5.70110590816824	NA	NA	NA	NA	-10.8398699781241	-11.0808780776279	NA	-8.56302977276527	NA	NA	NA	NA	-7.58611338587831	NA	NA	-11.5403096962652	NA	NA	NA	-7.10568146862846	NA	NA	NA	NA	NA	-13.5403096962652	NA	-1.68155159632977	-7.21838160137782	NA	NA	NA	NA	NA	-7.26418529099095	NA	NA	NA	NA	NA	-5.50688669472774	NA	NA	NA	NA	NA	NA	NA	NA	NA	-11.7329547742076	NA	NA	NA	NA	NA	NA	NA	NA	NA	-9.68232870113761	NA	NA	NA	NA	NA	-1.65804876716538	NA	NA	NA	NA	-11.7329547742076	NA	NA	NA	NA	-1.74609692628212	NA	NA	NA	NA	NA	NA	NA	NA	NA
Villapol_11_DPI_582	NA	NA	NA	NA	NA	NA	NA	NA	-6.61087315548311	NA	-6.37024516269759	NA	NA	NA	NA	-8.4608477114785	-9.47876961947576	NA	-5.52690211514886	NA	NA	NA	-11.6307727129208	-10.4787696194758	NA	NA	NA	NA	NA	NA	-4.22610418702551	NA	NA	NA	NA	NA	-12.4787696194758	NA	-2.81165807740074	-6.6662713941422	NA	NA	NA	NA	NA	NA	NA	NA	NA	NA	NA	-9.99334279230552	NA	NA	NA	NA	NA	NA	NA	NA	NA	NA	NA	NA	NA	NA	NA	NA	NA	NA	NA	NA	NA	NA	NA	NA	NA	-2.35335614899245	NA	NA	-12.8006977143631	NA	NA	NA	NA	NA	NA	-0.867652581188814	NA	NA	NA	NA	NA	NA	NA	NA	NA
Villapol_11_DPI_583	NA	NA	NA	NA	NA	NA	-8.93478470488813	NA	-5.37525341932256	NA	NA	NA	NA	NA	-11.7190560138327	-6.71405533277432	-5.84458689591655	-5.93187897371271	-11.0816260932174	-10.888981015275	NA	NA	-10.9820904196665	NA	NA	NA	NA	NA	NA	NA	-3.73733018530158	-11.3040185145538	NA	NA	NA	NA	NA	NA	-11.5670529203876	-4.01169688175181	NA	NA	NA	NA	NA	NA	-8.39712791894533	NA	-10.9820904196665	NA	NA	NA	NA	-10.0816260932174	NA	-10.8015181740247	-11.0816260932174	NA	-0.776134301106712	NA	NA	-8.4295493966377	NA	-13.888981015275	NA	-9.00633796591316	NA	NA	NA	NA	NA	-6.63159317258235	NA	NA	NA	NA	NA	-10.0816260932174	NA	NA	NA	NA	NA	NA	NA	NA	-13.3040185145538	-2.42878112021542	NA	NA	NA	NA	NA	NA	NA	NA	NA
Villapol_11_DPI_584	NA	NA	NA	NA	NA	NA	NA	-10.7868530297515	-6.00924545108793	-12.2722798569217	-6.69334114382834	NA	-10.893768233668	NA	-11.7868530297515	-5.54163990100493	-4.69032610607291	-5.26105260149847	-7.73622695668151	NA	NA	NA	NA	-8.86628749724589	NA	NA	NA	NA	-13.0092454510879	NA	-4.03578723854042	-7.61692802830917	NA	NA	NA	NA	-10.7868530297515	NA	-6.31343718167848	-4.07162642055426	NA	NA	NA	NA	NA	NA	-6.23226417807384	NA	-10.893768233668	NA	NA	-12.0092454510879	NA	NA	NA	-11.5942079518091	-9.46492493486412	NA	-6.46492493486412	NA	-11.5942079518091	-7.97949810769388	-10.6873173562006	NA	NA	-9.00924545108793	NA	NA	NA	NA	NA	-12.0092454510879	NA	NA	-8.95035176203436	-13.0092454510879	NA	-2.69901137924575	NA	NA	NA	-9.3462804383655	NA	-12.5942079518091	NA	NA	NA	-0.865012092676992	NA	NA	NA	NA	NA	-12.0092454510879	NA	NA	NA
Villapol_11_DPI_585	NA	NA	NA	NA	NA	NA	NA	-11.3679607096416	-4.8000046342261	NA	-6.83657924912526	NA	NA	NA	NA	-10.560605787584	-8.08255849077932	NA	-10.4610701140331	NA	NA	NA	-11.3679607096416	-9.84439875358456	NA	NA	NA	NA	NA	NA	-6.48531766027973	NA	NA	NA	NA	-9.46107011403305	NA	NA	-1.16920874444783	-4.74774088413408	NA	NA	NA	NA	NA	NA	-10.560605787584	NA	NA	NA	NA	-8.01040870502349	NA	NA	NA	NA	NA	NA	NA	NA	NA	-8.97564328686281	NA	-6.10586586427139	NA	NA	NA	NA	NA	NA	NA	-6.53507069547683	-9.84439875358456	NA	NA	NA	NA	-2.63876485050948	-10.2804978683912	NA	NA	NA	NA	NA	NA	NA	NA	-1.94510751369731	NA	NA	NA	NA	NA	NA	NA	NA	NA
Villapol_11_DPI_586	NA	NA	NA	NA	NA	NA	-13.5737063519232	-11.9887438512021	-7.71572535679566	NA	-6.35453783146107	NA	NA	NA	NA	NA	-9.61951004153635	NA	NA	NA	NA	NA	NA	-12.2517782570359	NA	NA	NA	NA	NA	NA	-8.71572535679566	NA	NA	NA	NA	-7.77929048557312	NA	NA	-1.39069135104047	-4.83561409230274	NA	NA	NA	NA	NA	NA	NA	NA	NA	NA	NA	-9.98874385120207	NA	NA	NA	NA	NA	NA	NA	NA	NA	-8.81881884975976	NA	-4.28138471912119	NA	NA	NA	NA	NA	NA	NA	-8.1307628560745	-10.9887438512021	NA	NA	NA	NA	-2.46812517064579	NA	NA	NA	NA	NA	NA	NA	NA	NA	-1.65075036001475	NA	NA	NA	NA	NA	NA	NA	NA	NA
Villapol_11_DPI_587	NA	NA	NA	NA	NA	NA	NA	NA	-4.4698150330726	NA	-6.58747732480784	NA	-11.6678507412719	NA	-12.6678507412719	NA	-9.00488572854943	NA	-7.71365443088498	NA	NA	NA	NA	-9.0828882405507	NA	NA	NA	NA	NA	NA	-7.12353022504805	NA	NA	NA	NA	-9.79338162335572	NA	-11.9308851471057	-1.04625670225432	-4.14037373521146	NA	NA	NA	NA	NA	NA	-9.79338162335572	-9.12353022504805	NA	NA	NA	-8.14428878521484	NA	NA	NA	-11.4454583199354	-10.4454583199354	NA	NA	NA	NA	-8.41992322782827	NA	-8.23044542896456	NA	NA	NA	NA	NA	NA	NA	-5.85620846081115	-9.66785074127186	-11.9308851471057	NA	NA	NA	-2.87614518013535	-11.4454583199354	NA	NA	-9.86049581921425	NA	NA	NA	NA	NA	-2.21218104143076	NA	NA	NA	NA	NA	NA	NA	NA	NA
Villapol_11_DPI_588	NA	NA	NA	NA	NA	NA	NA	-7.38465679699217	-2.80767235369454	NA	NA	NA	NA	NA	-11.1501915433551	-5.76131320454316	-7.02090852641018	NA	-6.32746139541063	-8.56522904263399	NA	NA	-9.22419212479893	NA	NA	NA	NA	NA	NA	NA	-3.29844250193909	NA	NA	NA	NA	NA	NA	NA	-7.63922962407777	-5.25537378004721	NA	NA	NA	NA	NA	-8.71723213607904	-9.9485576821855	NA	NA	NA	NA	NA	NA	-8.58947658888067	NA	NA	NA	NA	NA	-11.8871571375214	NA	NA	NA	-0.786385308511862	NA	-5.35058612090248	NA	NA	NA	NA	NA	-4.05849170921834	NA	NA	-10.3021946368002	NA	NA	NA	NA	NA	NA	-9.26266627261356	-10.0798022154638	-11.0126880196052	NA	NA	NA	NA	NA	NA	NA	NA	NA	-10.6647647161849	NA	NA	NA
Villapol_11_DPI_589	-10.9455810029403	NA	NA	NA	NA	NA	NA	-11.1382260808827	-8.19069350077682	NA	NA	NA	NA	-11.775656001498	NA	-8.40642219183226	-9.55326358016153	NA	-10.8581181616899	-10.4220190468833	NA	NA	-7.75575644406027	NA	NA	NA	NA	NA	NA	NA	-8.50263750709156	-11.3606185022191	NA	NA	NA	NA	-8.77565600149797	NA	-9.2451412847992	NA	-11.486149384303	NA	NA	NA	NA	NA	NA	NA	NA	NA	NA	NA	NA	-10.6976534894967	NA	NA	NA	NA	NA	NA	-12.3606185022191	NA	NA	-0.060742724023176	NA	NA	NA	NA	NA	-12.6236529080529	NA	-6.47390578854824	NA	NA	-12.1382260808827	NA	NA	NA	NA	NA	NA	NA	-7.59685284870921	-10.1382260808827	NA	NA	NA	NA	NA	-12.3606185022191	NA	NA	NA	-11.6236529080529	NA	NA	NA
Villapol_11_DPI_590	NA	NA	NA	NA	NA	NA	NA	NA	-7.2109827544961	NA	-9.1778158905609	NA	NA	NA	NA	-9.08265865752056	-9.31531941431084	-9.82989258714059	NA	NA	NA	NA	-12.6372475091982	-9.68305119881132	NA	NA	NA	NA	NA	NA	-5.45237216628992	NA	NA	NA	NA	-9.42779414356925	NA	NA	-2.39973876102554	-6.14139248231103	NA	NA	NA	NA	NA	NA	-11.6372475091982	NA	NA	NA	NA	-7.73035691358968	NA	NA	NA	NA	NA	NA	-1.47895340559416	NA	NA	-9.54978466794786	NA	-6.23210604606186	NA	NA	NA	NA	NA	NA	NA	NA	NA	NA	NA	NA	NA	-5.24493008641944	NA	NA	NA	NA	NA	NA	NA	NA	NA	-1.50266075583383	NA	NA	NA	NA	NA	NA	NA	NA	NA
Villapol_11_DPI_591	NA	NA	NA	NA	NA	NA	NA	NA	-7.9758112325038	NA	-10.6762509506449	NA	NA	NA	NA	-11.0388210300296	-11.261213451366	-11.3867443334499	NA	NA	NA	NA	-12.5242478571998	-9.41991119738511	NA	NA	NA	NA	NA	NA	-6.47113652074028	NA	NA	NA	NA	NA	NA	NA	-3.15617798066776	-6.33442329831982	NA	NA	NA	NA	NA	NA	NA	NA	NA	NA	NA	-9.09128844992374	NA	NA	NA	NA	NA	NA	-0.750202098483809	NA	NA	-10.4538585293084	NA	-4.84899647114958	NA	NA	NA	NA	NA	NA	NA	NA	NA	NA	NA	NA	NA	-7.19512426090828	NA	NA	NA	NA	NA	NA	NA	NA	NA	-2.19691977456989	NA	NA	NA	NA	NA	NA	NA	NA	NA
Villapol_11_DPI_592	NA	NA	NA	NA	NA	NA	NA	NA	-7.18897732676745	NA	-8.64583500174092	NA	NA	NA	NA	-9.03285812485017	-8.1284357848324	-8.38752300614953	-10.4113697481039	NA	NA	NA	NA	-7.71834750152529	NA	NA	NA	NA	NA	NA	-5.45717343771702	NA	NA	NA	NA	-10.8588287250751	NA	NA	-2.56212104533949	-5.74840473538147	NA	NA	NA	NA	NA	NA	-9.61782062557132	NA	NA	NA	NA	-8.05147380301752	NA	-11.7332978429913	NA	NA	NA	NA	-2.95139175754532	NA	NA	-9.73329784299126	NA	-8.18897732676745	NA	NA	NA	-13.3182603437124	NA	NA	NA	NA	NA	NA	-11.7332978429913	NA	NA	-4.44174339714742	NA	NA	NA	NA	NA	NA	NA	NA	NA	-0.786269765584822	NA	NA	NA	NA	NA	NA	NA	NA	NA
Villapol_11_DPI_593	NA	NA	NA	NA	NA	NA	NA	NA	-7.25138096359584	NA	-9.21073897909849	NA	NA	NA	NA	-6.71532806335563	-7.33626986118235	-8.27213952376263	-3.65529772264516	NA	NA	NA	-11.5733090584832	-8.29320113929046	NA	NA	NA	NA	NA	NA	-4.79946339861585	-12.3806639805408	NA	NA	NA	-10.2107389790985	NA	NA	-1.62306562471689	-4.48433157663086	NA	NA	NA	NA	NA	-11.5733090584832	-8.92123236190351	NA	NA	NA	NA	-6.89684820327655	NA	NA	NA	NA	NA	NA	-1.45529498896635	NA	NA	-8.7659541364256	NA	NA	NA	NA	NA	NA	NA	NA	NA	-4.85123342639465	NA	NA	NA	NA	NA	-4.69066600912136	NA	NA	NA	NA	NA	NA	NA	NA	NA	-4.94187212796254	NA	NA	NA	NA	NA	NA	NA	NA	NA
Villapol_11_DPI_594	NA	NA	NA	NA	NA	NA	NA	NA	-8.28752393360451	-13.9022337777197	-8.75248665821504	NA	NA	NA	NA	-8.44280215908242	-9.17431332315652	-9.47596902301762	-6.95971927238048	NA	NA	NA	-12.0948788556621	-9.34764492604208	NA	NA	NA	NA	NA	NA	-5.87709421544121	NA	NA	NA	NA	NA	-13.3172712769986	NA	-2.36234798496825	-5.47178122605419	NA	NA	NA	NA	NA	-12.9022337777197	-10.6543062642761	NA	NA	NA	NA	-8.36307496661169	NA	NA	NA	NA	NA	NA	-1.08485034982249	NA	NA	-9.9953431821112	NA	NA	NA	NA	NA	NA	NA	NA	NA	-5.87986596469127	NA	NA	NA	NA	NA	-5.14901702854077	NA	NA	NA	NA	NA	NA	NA	NA	NA	-2.16414151809923	NA	NA	NA	NA	NA	NA	NA	NA	NA
Villapol_11_DPI_595	NA	NA	NA	NA	NA	NA	NA	NA	-5.539745664432	NA	-7.02673300558986	NA	NA	NA	-11.7491990300609	-9.98366428369797	-7.80434058425341	-11.0711271249483	-6.44907530549193	NA	NA	NA	NA	-8.57927402861863	NA	NA	NA	NA	NA	NA	-6.27022722502801	NA	NA	NA	NA	-10.2637722028907	NA	NA	-1.00201306317437	-4.14928618787382	NA	NA	NA	NA	NA	NA	-9.37068740680722	NA	NA	NA	NA	-4.08670866614717	NA	NA	NA	NA	NA	NA	-6.5475651688913	NA	NA	-8.21314612982074	NA	-6.80434058425341	NA	-12.4861646242272	NA	NA	NA	NA	NA	-7.32966013854716	NA	NA	NA	NA	NA	-3.09027351856857	-11.0711271249483	NA	-12.0711271249483	NA	NA	NA	NA	NA	NA	-2.52906258266487	NA	NA	NA	NA	NA	NA	NA	NA	NA
Villapol_11_DPI_596	NA	NA	NA	NA	NA	NA	NA	-11.390629611318	-5.40682164482059	NA	-6.81428024090155	NA	-11.8760564384882	NA	-11.6130220326544	NA	-9.55412834360088	NA	-7.80566711059684	NA	NA	NA	-12.1979845333756	-10.8760564384882	NA	NA	NA	NA	NA	NA	-6.96916584287972	NA	NA	NA	NA	-9.1979845333756	NA	NA	-1.26835625035104	-3.87944172367288	NA	NA	NA	NA	NA	NA	NA	NA	-11.8760564384882	NA	NA	-5.60179477723119	NA	NA	NA	NA	NA	NA	-5.41990740384025	NA	NA	-9.55412834360088	NA	-7.35249448243123	NA	-11.6130220326544	NA	NA	NA	NA	NA	-6.09995245041508	NA	NA	NA	NA	NA	-2.76335630573888	-12.1979845333756	NA	-8.29109393776709	NA	NA	NA	NA	NA	NA	-1.99984648097449	NA	NA	NA	NA	NA	NA	NA	NA	NA
Villapol_11_DPI_597	NA	NA	NA	NA	NA	NA	NA	-10.9847151326061	-5.80480604259113	NA	-6.73678761916248	NA	-10.3997526318849	NA	-10.8692379151861	-9.6627870377187	-8.81479013116375	-10.2477495384399	-8.16028669718952	NA	NA	NA	NA	NA	NA	NA	NA	NA	NA	NA	-7.1946382019803	NA	NA	NA	NA	-11.2477495384399	NA	NA	-1.58650587113921	-3.85028881238514	NA	NA	NA	NA	NA	NA	NA	NA	NA	NA	NA	-6.96234731957761	NA	NA	NA	NA	NA	NA	-3.78340800567875	NA	NA	-10.8692379151861	NA	-11.3997526318849	NA	-9.98471513260606	NA	NA	NA	NA	NA	-7.40980629654883	NA	NA	NA	NA	NA	-2.80771093794513	-10.8692379151861	NA	-7.38976854331229	-10.0461156772702	NA	NA	NA	NA	NA	-1.66673731019895	NA	NA	NA	NA	NA	NA	NA	NA	NA
Villapol_11_DPI_598	NA	NA	NA	NA	NA	NA	NA	-11.8324585217013	NA	NA	NA	NA	NA	NA	NA	NA	-10.5914504221975	-10.38499954473	-11.5914504221975	NA	NA	NA	-12.9699620454512	NA	NA	NA	NA	NA	NA	NA	-9.04396262689497	NA	NA	NA	NA	NA	NA	NA	-2.69430310075234	-5.13075825735425	NA	NA	NA	NA	NA	NA	NA	NA	NA	NA	NA	-11.484535218281	NA	-13.2918901403386	NA	NA	NA	NA	-0.321604463441532	NA	NA	-9.86562538563646	NA	-12.484535218281	NA	NA	NA	NA	NA	NA	NA	-6.53033890789408	NA	NA	NA	NA	NA	NA	NA	NA	NA	-11.9699620454512	NA	NA	NA	NA	NA	NA	NA	NA	NA	NA	NA	NA	NA	NA	NA
Villapol_11_DPI_599	NA	NA	NA	NA	NA	NA	NA	-10.9152003676495	-7.46774139067826	-13.3746319862868	-8.44389464872389	NA	NA	NA	-11.7896694855656	-7.74527536620717	-5.56727706422917	NA	NA	NA	NA	NA	NA	-5.9610040572626	NA	NA	NA	NA	NA	NA	-5.28982359848241	NA	-11.2047069848445	NA	NA	-9.46774139067826	NA	NA	-0.635589786596993	-3.22234714398019	NA	NA	NA	NA	NA	NA	-8.14581329579089	-8.8827788899571	NA	NA	NA	-9.01707998166869	NA	NA	NA	-10.4677413906783	NA	NA	-4.2924829449329	NA	NA	-7.08922976742453	NA	NA	NA	NA	NA	NA	NA	NA	NA	-6.16517862065783	NA	NA	NA	NA	NA	-4.01707998166869	-9.67419226814568	NA	-9.85107003022976	-7.80477637795583	NA	NA	NA	NA	NA	-5.55126474624054	NA	NA	NA	NA	NA	NA	NA	NA	-13.3746319862868
